{
    "$schema": "https://schema.management.azure.com/schemas/2015-01-01/deploymentParameters.json#",
    "contentVersion": "1.0.0.0",
    "parameters": {
        "clusterLocation": {
            "value": "northeurope"
        },
        "clusterName": {
            "value": "jepsen"
        },
        "nt0applicationStartPort": {
            "value": 20000
        },
        "nt0applicationEndPort": {
            "value": 30000
        },
        "nt0ephemeralStartPort": {
            "value": 49152
        },
        "nt0ephemeralEndPort": {
            "value": 65534
        },
        "nt0fabricTcpGatewayPort": {
            "value": 19000
        },
        "nt0fabricHttpGatewayPort": {
            "value": 19080
        },
        "subnet0Name": {
            "value": "Subnet-0"
        },
        "subnet0Prefix": {
            "value": "10.0.0.0/24"
        },
        "computeLocation": {
            "value": "northeurope"
        },
        "publicIPAddressName": {
            "value": "jepsen-PubIP"
        },
        "publicIPAddressType": {
            "value": "Dynamic"
        },
        "vmStorageAccountContainerName": {
            "value": "vhds"
        },
        "adminUserName": {
            "value": "jervelund"
        },
        "adminPassword": {
            "value": null
        },
        "virtualNetworkName": {
            "value": "VNet-jepsen"
        },
        "addressPrefix": {
            "value": "10.0.0.0/16"
        },
        "dnsName": {
            "value": "jepsen"
        },
        "nicName": {
            "value": "NIC-jepsen"
        },
        "lbName": {
            "value": "LB-jepsen"
        },
        "lbIPName": {
            "value": "LBIP-jepsen"
        },
        "overProvision": {
            "value": "false"
        },
        "vmImagePublisher": {
            "value": "Canonical"
        },
        "vmImageOffer": {
            "value": "UbuntuServer"
        },
        "vmImageSku": {
            "value": "18.04-LTS"
        },
        "vmImageVersion": {
            "value": "latest"
        },
        "sourceVaultValue": {
            "value": "/subscriptions/c484c80e-0a6f-4470-86de-697ecee16984/resourceGroups/KeyVault/providers/Microsoft.KeyVault/vaults/MarkJervelundthesis"
        },
        "certificateUrlValue": {
            "value": "https://markjervelundthesis.vault.azure.net/secrets/markjervelundcert/fa067638a345470d82269bb1f7b771dc"
        },
        "clusterProtectionLevel": {
            "value": "EncryptAndSign"
        },
        "certificateStoreValue": {
            "value": "My"
        },
        "certificateThumbprint": {
            "value": "E58AE7E7077522C401927883CFC3E610411134B1"
        },
        "storageAccountType": {
            "value": "Standard_LRS"
        },
        "supportLogStorageAccountType": {
            "value": "Standard_LRS"
        },
        "supportLogStorageAccountName": {
            "value": "sflogsjepsen2804"
        },
        "applicationDiagnosticsStorageAccountType": {
            "value": "Standard_LRS"
        },
        "applicationDiagnosticsStorageAccountName": {
            "value": "sfdgjepsen3900"
        },
        "nt0InstanceCount": {
            "value": 5
        },
        "vmNodeType0Name": {
            "value": "Type905"
        },
        "vmNodeType0Size": {
            "value": "Standard_D2s_v3"
        }
    }
}