{
    "$schema": "https://schema.management.azure.com/schemas/2015-01-01/deploymentParameters.json#",
    "contentVersion": "1.0.0.0",
    "parameters": {
        "clusters_jepsen4_name": {
            "value": null
        },
        "virtualMachines_Jepsenhost_name": {
            "value": null
        },
        "virtualNetworks_VNet_jepsen4_name": {
            "value": null
        },
        "virtualMachineScaleSets_Type730_name": {
            "value": null
        },
        "loadBalancers_LB_jepsen_Type175_name": {
            "value": null
        },
        "publicIPAddresses_Jepsenhost_ip_name": {
            "value": null
        },
        "storageAccounts_sfdgjepsen47231_name": {
            "value": null
        },
        "loadBalancers_LB_jepsen4_Type730_name": {
            "value": null
        },
        "storageAccounts_sflogsjepsen44789_name": {
            "value": null
        },
        "networkInterfaces_jepsenhost255_z1_name": {
            "value": null
        },
        "proximityPlacementGroups_Prox_Group_name": {
            "value": null
        },
        "networkSecurityGroups_Jepsenhost_nsg_name": {
            "value": null
        },
        "publicIPAddresses_LBIP_jepsen_Type175_name": {
            "value": null
        },
        "publicIPAddresses_LBIP_jepsen4_Type730_name": {
            "value": null
        },
        "disks_Jepsenhost_OsDisk_1_8c7f31d3ff534ea59ff98a70fc629e2a_externalid": {
            "value": null
        },
        "vaults_MarkJervelundthesis_externalid": {
            "value": null
        },
        "disks_Type730_Type730_0_OsDisk_1_ea4eea081a4a4f10bf8b6525704f31f4_externalid": {
            "value": null
        },
        "disks_Type730_Type730_1_OsDisk_1_6e0c7d4ee3064513bb99cfb905eb6885_externalid": {
            "value": null
        },
        "disks_Type730_Type730_2_OsDisk_1_d0923e6120504cb6be935492264d2697_externalid": {
            "value": null
        },
        "disks_Type730_Type730_3_OsDisk_1_4610c1d3394d467f8524e3b72420fd4e_externalid": {
            "value": null
        },
        "disks_Type730_Type730_4_OsDisk_1_c158185c1d394baabf7ecba5919b2c3f_externalid": {
            "value": null
        }
    }
}